{"paddedWidth": 116736, "paddedHeight": 70144, "tileSize": 512, "maxZoom": 8, "min_x": -53523.72479491721, "min_y": -32862.498501146445, "margin": 5000, "numTilesX": 228, "numTilesY": 137, "displayWidth": 256, "displayHeight": 256}